{
    "is_training": true,
    "current_round": 3,
    "total_rounds": 5,
    "current_epochs": 1,
    "current_stage": "第 3 轮：中枢下发全局参数...",
    "current_node": "边缘节点并发训练中",
    "active_nodes": [
        "市第一医院",
        "社区诊所A",
        "专科医院B"
    ],
    "total_traffic_mb": 2137.5,
    "metrics_history": [
        {
            "round": 1,
            "loss": 0.7027004429205674,
            "acc": 0.623015099897139,
            "dice": 0.6850309846225583
        },
        {
            "round": 2,
            "loss": 0.5827904928438778,
            "acc": 0.6542899620385542,
            "dice": 0.8527851220945394
        }
    ],
    "best_metrics": {
        "round": 2,
        "loss": 0.5827904928438778,
        "acc": 0.6542899620385542,
        "dice": 0.8527851220945394
    },
    "round_participants": {
        "1": [
            "73276147e0484ed7a12be227d5c5a331",
            "58a1e2a6f22a45c092d942633eef81bf",
            "f88e1a99644941848cf88b29367d888e"
        ],
        "2": [
            "f88e1a99644941848cf88b29367d888e",
            "58a1e2a6f22a45c092d942633eef81bf",
            "73276147e0484ed7a12be227d5c5a331"
        ]
    },
    "traffic_logs": [
        "[10:24:43] 🚀 核心引擎点火：总规划 5 轮，当前起跑点：第 0 轮",
        "[10:24:48] 📡 [第 1 轮] 下发全局参数至 3 家医院，下行并发流量: 427.5 MB",
        "[10:31:59] 📥 [第 1 轮] 成功接收 3 家医院本地参数，上行并发流量: 427.5 MB",
        "[10:31:59] ✨ 聚合完毕！当前第 1 轮 Loss: 0.7027, Acc: 0.6230, Dice: 0.6850",
        "[10:31:59] 🏆 全网协同模型刷新历史最优纪录，已覆盖保存在中心节点 [Best.pth]！",
        "[10:32:00] 📡 [第 2 轮] 下发全局参数至 3 家医院，下行并发流量: 427.5 MB",
        "[10:39:57] 📥 [第 2 轮] 成功接收 3 家医院本地参数，上行并发流量: 427.5 MB",
        "[10:39:57] ✨ 聚合完毕！当前第 2 轮 Loss: 0.5828, Acc: 0.6543, Dice: 0.8528",
        "[10:39:57] 🏆 全网协同模型刷新历史最优纪录，已覆盖保存在中心节点 [Best.pth]！",
        "[10:39:59] 📡 [第 3 轮] 下发全局参数至 3 家医院，下行并发流量: 427.5 MB"
    ],
    "model_saved_path": "./checkpoints/fl_checkpoint_latest.pth",
    "runtime_config": {
        "rounds": 5,
        "epochs": 1,
        "nodes": [
            {
                "id": "NODE_001",
                "name": "市第一医院"
            },
            {
                "id": "NODE_002",
                "name": "社区诊所A"
            },
            {
                "id": "NODE_003",
                "name": "专科医院B"
            }
        ],
        "port": 8080
    }
}